{"type":"FeatureCollection","features":[{"type":"Feature","geometry":{"type":"Point","coordinates":[125.6,10.1]},"properties":{"EventType":"Dinagat Islands","date":"1556577163533"}},{"type":"Feature","geometry":{"type":"Point","coordinates":[127.76692200000002,35.907757]},"properties":{"EventType":"a place","date":"1556578162127"}},{"type":"Feature","geometry":{"type":"Point","coordinates":[78.96288000000004,20.593684]},"properties":{"EventType":"a nice place","date":"1556590709178"}},{"type":"Feature","geometry":{"type":"Point","coordinates":[18.643501000000015,60.12816100000001]},"properties":{"EventType":"Also cool","date":"1556590731805"}},{"type":"Feature","geometry":{"type":"Point","coordinates":[105.31875600000001,61.52401]},"properties":{"EventType":"niice","date":"1556590924211"}},{"type":"Feature","geometry":{"type":"Point","coordinates":[-119.89664690000001,34.442104]},"properties":{"EventType":"live","date":"1556590939808"}},{"type":"Feature","geometry":{"type":"Point","coordinates":[-121.60366169999998,39.7687053]},"properties":{"EventType":"","date":"1556590960167"}}]}